{"0": [[0, [792, 79], 224.90084708711547], [1, [350, 53], 263.6040238971408], [2, [802, 1009], 309.89901295800246], [3, [752, 280], 326.9128780731752], [4, [1252, 1340], 276.07971180793083]], "1": [[0, [912, 1117], 238.35783184372863], [1, [86, 386], 214.5302021458089], [2, [415, 897], 306.4978617113643], [3, [1165, 757], 293.1934232711698], [4, [612, 1028], 304.4696667934198]], "2": [[0, [603, 835], 472.1026457294255], [1, [135, 49], 532.8161580930132], [2, [1455, 317], 238.71433496644852], [3, [782, 967], 317.2765915014182], [4, [763, 1360], 369.7850332897661]], "3": [[0, [2, 889], 461.68993700085366], [1, [617, 478], 474.30058867168606], [2, [1427, 63], 529.395571284933], [3, [1205, 283], 393.43350842256706], [4, [1262, 1393], 534.3765974125695]], "4": [[0, [944, 1327], 362.14440927502994], [1, [806, 172], 208.0137299196794], [2, [274, 192], 349.81789065795635], [3, [952, 930], 165.10715309894655], [4, [437, 273], 215.28886396155713]], "5": [[0, [618, 1054], 238.26080362479064], [1, [17, 1077], 188.70309278894385], [2, [68, 488], 321.4975411142642], [3, [1371, 475], 419.4779691743538], [4, [693, 846], 521.5974151269081]], "6": [[0, [1024, 13], 326.6300799665015], [1, [1209, 1484], 226.95172260658612], [2, [362, 131], 588.6588640987922], [3, [582, 1236], 351.5197411278911], [4, [394, 1239], 293.51932978309486]], "7": [[0, [495, 643], 217.51116218679968], [1, [873, 1200], 336.938057385742], [2, [1204, 36], 166.1359073906937], [3, [839, 38], 282.21340567972214], [4, [1238, 1118], 177.64852357836583]], "8": [[0, [738, 1194], 273.1374303102052], [1, [852, 95], 166.22792817381028], [2, [1100, 314], 385.5962688067383], [3, [102, 938], 297.95063980260926], [4, [406, 1280], 219.68079665942076]], "9": [[0, [762, 226], 231.51974947638791], [1, [915, 196], 266.50862444063694], [2, [446, 818], 249.48919105928528], [3, [1476, 419], 244.0629344531816], [4, [407, 765], 290.4024079102722]], "10": [[0, [944, 409], 296.8728597660884], [1, [1462, 262], 154.8392045770102], [2, [1146, 1210], 298.49780809651315], [3, [1319, 286], 283.124771151348], [4, [889, 578], 215.02826849012123]], "11": [[0, [243, 920], 290.52821827899845], [1, [439, 273], 281.77074431298286], [2, [813, 89], 198.75938075125774], [3, [429, 803], 377.9727415070736], [4, [1040, 1490], 286.0465426261734]], "12": [[0, [621, 1091], 307.0908694488151], [1, [220, 1247], 430.45416729693966], [2, [788, 138], 418.0211368585814], [3, [776, 473], 171.67676335863672], [4, [712, 1438], 259.9666424064121]], "13": [[0, [1013, 1373], 248.01657212094636], [1, [887, 556], 312.6879201700508], [2, [1269, 1081], 174.88451387729137], [3, [383, 768], 442.440469709495], [4, [694, 988], 306.22196454287166]], "14": [[0, [1413, 1459], 294.12010328745583], [1, [346, 34], 179.6359032622205], [2, [451, 862], 457.1374876537781], [3, [694, 1101], 209.49659337686478], [4, [212, 385], 227.15614570838824]], "15": [[0, [1038, 1313], 328.2779847943509], [1, [148, 168], 411.4751331818527], [2, [442, 796], 128.8013864395138], [3, [722, 514], 272.6842725916726], [4, [575, 881], 249.79462898872032]], "16": [[0, [1154, 1239], 212.06885988677993], [1, [145, 1261], 516.1893965068527], [2, [1274, 477], 312.9269592013081], [3, [736, 74], 261.26086097617775], [4, [1461, 1091], 357.0184340328009]], "17": [[0, [668, 1106], 180.56119327143355], [1, [998, 1425], 418.2359533486932], [2, [653, 593], 351.9992871902557], [3, [885, 793], 403.2972385046129], [4, [1218, 655], 148.04961093985392]], "18": [[0, [364, 122], 199.23081809965464], [1, [11, 613], 179.9488550691907], [2, [1004, 38], 258.39469201852717], [3, [823, 313], 84.50179814208181], [4, [87, 691], 196.96526902051914]], "19": [[0, [754, 506], 220.66964376492928], [1, [693, 705], 332.15703918081607], [2, [1322, 172], 351.221022875996], [3, [144, 1206], 194.95910646588575], [4, [183, 83], 230.36783915118303]], "20": [[0, [502, 1380], 223.92528433920006], [1, [760, 758], 369.1536098651708], [2, [1013, 113], 105.49984155283903], [3, [1282, 1342], 335.68356097267036], [4, [465, 528], 335.41613439818235]], "21": [[0, [1094, 1333], 227.17354087446944], [1, [994, 944], 151.92347164605124], [2, [905, 879], 171.02153550389414], [3, [674, 1155], 347.82592356757704], [4, [870, 1163], 179.86360685391233]], "22": [[0, [1329, 451], 304.11000007230666], [1, [922, 1076], 325.3282483692894], [2, [676, 1439], 207.12019386022095], [3, [597, 604], 282.99149845413933], [4, [627, 1406], 203.18265358717608]], "23": [[0, [324, 119], 299.61363817598], [1, [1095, 829], 179.96814751422386], [2, [93, 804], 274.16450861726173], [3, [1147, 554], 287.59136274212915], [4, [781, 304], 450.42721908008446]], "24": [[0, [466, 544], 274.2545639433016], [1, [294, 1320], 304.9401848341291], [2, [497, 693], 415.7063867316307], [3, [1117, 1422], 451.4527308077182], [4, [38, 628], 295.5380976904299]], "25": [[0, [214, 1189], 385.47525909113403], [1, [128, 872], 176.2058151714888], [2, [699, 1381], 199.25885173973174], [3, [809, 940], 140.57997009431438], [4, [1346, 141], 364.4924946733883]], "26": [[0, [87, 65], 371.34250257856417], [1, [324, 182], 164.78785709737244], [2, [640, 343], 450.8985118082527], [3, [778, 745], 306.1548888905595], [4, [833, 1154], 410.9627356001794]], "27": [[0, [215, 1228], 193.59744927878697], [1, [39, 758], 391.65873160712005], [2, [1316, 1315], 472.83275981545535], [3, [1050, 659], 175.0045235806393], [4, [132, 1063], 190.36391147036045]], "28": [[0, [586, 909], 228.4061135949015], [1, [673, 1169], 171.20442446429686], [2, [1368, 663], 394.6641653461853], [3, [234, 504], 407.16682375414825], [4, [1032, 303], 337.94028547968367]], "29": [[0, [759, 429], 157.4806691195054], [1, [1392, 550], 233.41695513226878], [2, [464, 215], 250.62169237367587], [3, [468, 357], 340.15439987712614], [4, [60, 783], 212.2517877659186]], "30": [[0, [1397, 403], 222.74072634524077], [1, [660, 1155], 483.77686701394646], [2, [1014, 357], 214.15074381158186], [3, [1226, 1467], 397.16364281906743], [4, [11, 1328], 580.9461720129069]], "31": [[0, [657, 1385], 229.94870103806414], [1, [716, 186], 295.67048298620205], [2, [456, 768], 424.21880361377197], [3, [435, 1401], 355.53273201215944], [4, [158, 1234], 197.48750337732415]], "32": [[0, [1307, 326], 326.3982934728732], [1, [437, 1191], 487.365247547969], [2, [1319, 1368], 215.3964040428665], [3, [1458, 942], 487.9119000018737], [4, [316, 1488], 443.4077567453091]], "33": [[0, [80, 633], 446.519272885641], [1, [34, 1233], 272.43407935753726], [2, [470, 895], 334.9521126956641], [3, [899, 375], 195.335679896574], [4, [1395, 729], 365.0037667944639]], "34": [[0, [1285, 706], 426.323014496228], [1, [1088, 1069], 338.29446995884416], [2, [649, 1020], 151.66510568214227], [3, [397, 1347], 354.27910921014086], [4, [126, 847], 324.77593883237387]], "35": [[0, [246, 340], 455.9623474497867], [1, [331, 1368], 423.81402560392934], [2, [212, 1319], 438.54129197288177], [3, [806, 1445], 260.63235917396116], [4, [1435, 21], 296.5865568286387]], "36": [[0, [0, 749], 257.7023073845157], [1, [292, 1203], 489.7867172656647], [2, [1057, 352], 307.4395885229051], [3, [854, 761], 193.30780630285727], [4, [410, 1145], 182.97663557905895]], "37": [[0, [507, 598], 333.0434680485349], [1, [1244, 35], 92.77987834671484], [2, [787, 759], 316.11719560719905], [3, [242, 974], 246.223604913273], [4, [1095, 690], 328.78493637063985]], "38": [[0, [1256, 77], 171.50749189204646], [1, [867, 2], 320.98915229746314], [2, [658, 35], 274.1563370677183], [3, [55, 352], 216.82453370403462], [4, [575, 70], 198.11118676044163]], "39": [[0, [1433, 735], 188.70460484329178], [1, [1464, 698], 371.688651817713], [2, [1106, 332], 199.35723836249656], [3, [700, 17], 242.5150254845299], [4, [194, 990], 302.52012586063813]], "40": [[0, [18, 486], 337.47689455187293], [1, [748, 1090], 324.1273647363847], [2, [676, 997], 239.37622848851979], [3, [485, 1008], 153.96691852539743], [4, [1214, 129], 321.29943299438935]],